cluster_kmeans,O_score,C_score,E_score,A_score,N_score,N_proxy,J_proxy,T_proxy,Impulsivity_Index,Emotional_Reactivity,Creative_Divergence,Social_Adaptability
0,3.5221766715470957,2.94132747681796,2.609809663250366,3.4310200097608594,3.3439336261591017,-0.389037558653286,-0.4234724295862614,-0.10190109481743835,0.880270764901488,0.5666334552909189,-0.28324906683523393,-0.7653940069198896
1,3.8299280266408853,3.528961220324417,3.454119669137394,3.9075840584380703,2.9868192072188204,0.4281544514344086,0.4660516748427593,0.11214703151838583,-0.9687801038152036,-0.6236072348754381,0.3117291534780284,0.8423527340094814
