,z_O_score,z_C_score,z_E_score,z_A_score,z_N_score
N_proxy,0.9280400001170703,0.1103340999076343,0.4945990350270851,0.2706296632460117,-0.15546609669550632
J_proxy,0.11726183458621191,0.9730612949269706,0.16898122128475565,0.38674609107173386,-0.09662689742884158
T_proxy,-0.022317807112843667,0.8045149917910052,-0.11628680995598453,-0.4542024185724477,-0.03798540385809822
Impulsivity_Index,-0.13205193383301117,-0.7371048064885044,-0.17148182210066915,-0.15642176630044602,0.7371048064884982
